{"train_loss": [4.107579599918248, 2.6941986782435277, 2.0976701596760017, 1.7563422033440175, 1.5132023579223566, 1.3232404460991007, 1.1847471484528764, 1.0671849607896176, 0.970326223825043, 0.9021265933429617], "val_loss": [4.474266543984413, 3.6572245359420776, 3.1426688581705093, 3.2302973568439484, 2.947847828269005, 2.98102068901062, 2.9319563806056976, 2.822809785604477, 2.6758756786584854, 2.8510138541460037]}