{"train_loss": [5.134106473250536, 4.135075160585311, 3.7893040736866417, 3.6174959453717204, 3.5169762609288555, 3.4608307073820006, 3.3282594964367704, 3.2098601862197405, 3.110363929807352, 3.0087044028983767, 2.9312616833506175, 2.86210999194746, 2.7895299464070322, 2.716635596909712, 2.645877497836882], "val_loss": [5.174996107816696, 4.500119835138321, 4.055979892611504, 3.859507828950882, 3.670546591281891, 3.6009324938058853, 3.4916129112243652, 3.403388500213623, 3.3951403200626373, 3.341253876686096, 3.2973718345165253, 3.3493259251117706, 3.238819271326065, 3.3118535578250885, 3.2004415839910507], "bleu_scores": [0.07571968990379353, 0.1586512882262883, 0.21812553938160376, 0.2532190897124156, 0.2831322177324827, 0.31239110146107835, 0.332033225127301, 0.3472940433138878, 0.3570470809295926, 0.3692159473254862, 0.3878412680438304, 0.3888105913330108, 0.3962870299177627, 0.40725187755855, 0.4100890409769065], "avg_bleu": 0.3131406020629327, "max_bleu": 0.4100890409769065}