{"train_loss": [5.150714189470602, 4.145064530918777, 3.791149900348176, 3.595601674218535, 3.5136679972846077, 3.448993614591691, 3.3058196847134225, 3.200491097530079, 3.0951063491174304, 3.0132073001189377, 2.9211664388883483, 2.8505598579734435, 2.77741264771785, 2.701839263218615, 2.6320798864448647], "val_loss": [5.231616765260696, 4.504211217164993, 4.112085938453674, 3.9279853850603104, 3.73527167737484, 3.588934540748596, 3.5175706893205643, 3.573084846138954, 3.430390253663063, 3.4646237790584564, 3.2571812123060226, 3.2817858159542084, 3.26352696120739, 3.206598848104477, 3.2353790402412415]}